Year,Week,Date,Percent of Deaths Due to Pneumonia and Influenza (P&I),"Percent of Deaths Due to Pneumonia, Influenza or COVID-19 (PIC)",Expected,Threshold,All Deaths,Pneumonia Deaths,Influenza Deaths,COVID-19 Deaths,"Pneumonia, Influenza or COVID-19 Deaths (PIC)"
2014,53,12/29/2014,10.41167275,10.41167275,7.81631,8.22978,9595,792,207,0,999
2015,1,1/5/2015,11.30701902,11.30701902,7.90836,8.32144,23764,2155,532,0,2687
2015,2,1/12/2015,10.84409062,10.84409062,7.98757,8.40028,26881,2391,524,0,2915
2015,3,1/19/2015,10.11620446,10.11620446,8.05277,8.4651,28054,2430,408,0,2838
2015,4,1/26/2015,9.460882563,9.460882563,8.10296,8.5149,29437,2437,348,0,2785
2015,5,2/2/2015,9.186807732,9.186807732,8.13736,8.54892,32231,2653,308,0,2961
2015,6,2/9/2015,8.793057859,8.793057859,8.15544,8.56662,41601,3352,306,0,3658
2015,7,2/16/2015,8.439019042,8.439019042,8.15689,8.56769,54722,4341,277,0,4618
2015,8,2/23/2015,8.485257309,8.485257309,8.14164,8.55206,56333,4559,221,0,4780
2015,9,3/2/2015,8.381410824,8.381410824,8.10989,8.51993,56506,4545,191,0,4736
2015,10,3/9/2015,8.263513877,8.263513877,8.01164,8.38067,55739,4447,159,0,4606
2015,11,3/16/2015,7.960701497,7.960701497,7.95233,8.32101,54455,4196,139,0,4335
2015,12,3/23/2015,7.531835206,7.531835206,7.87931,8.24764,53400,3901,121,0,4022
2015,13,3/30/2015,7.410818329,7.410818329,7.79358,8.16157,53206,3844,99,0,3943
2015,14,4/6/2015,7.453251571,7.453251571,7.69633,8.06397,52836,3838,100,0,3938
2015,15,4/13/2015,7.56443957,7.56443957,7.58891,7.95619,52879,3925,75,0,4000
2015,16,4/20/2015,7.498595587,7.498595587,7.47279,7.83973,51623,3808,63,0,3871
2015,17,4/27/2015,7.192246436,7.192246436,7.34961,7.7162,51486,3653,50,0,3703
2015,18,5/4/2015,6.92203521,6.92203521,7.22108,7.58732,51690,3550,28,0,3578
2015,19,5/11/2015,6.893695897,6.893695897,7.08897,7.45487,50713,3474,22,0,3496
2015,20,5/18/2015,6.587711307,6.587711307,6.95514,7.32069,49395,3240,14,0,3254
2015,21,5/25/2015,6.803089578,6.803089578,6.82144,7.18664,49845,3373,18,0,3391
2015,22,6/1/2015,6.512383272,6.512383272,6.68972,7.05457,49260,3198,10,0,3208
2015,23,6/8/2015,6.47635108,6.47635108,6.5618,6.92631,49812,3215,11,0,3226
2015,24,6/15/2015,6.42599719,6.42599719,6.43945,6.80361,49113,3150,6,0,3156
2015,25,6/22/2015,6.525504901,6.525504901,6.32434,6.68815,49069,3198,4,0,3202
2015,26,6/29/2015,6.331478699,6.331478699,6.21804,6.58151,49246,3112,6,0,3118
2015,27,7/6/2015,6.31064986,6.31064986,6.12199,6.48511,48949,3082,7,0,3089
2015,28,7/13/2015,6.170834687,6.170834687,6.03749,6.40026,49264,3033,7,0,3040
2015,29,7/20/2015,6.193999178,6.193999178,5.96565,6.32807,48660,3011,3,0,3014
2015,30,7/27/2015,6.002627689,6.002627689,5.9074,6.26947,48712,2920,4,0,2924
2015,31,8/3/2015,6.10732838,6.10732838,5.86348,6.2252,48319,2947,4,0,2951
2015,32,8/10/2015,5.916410725,5.916410725,5.83441,6.19579,48188,2843,8,0,2851
2015,33,8/17/2015,6.068421921,6.068421921,5.8205,6.18154,48464,2935,6,0,2941
2015,34,8/24/2015,5.999835113,5.999835113,5.82186,6.18254,48518,2906,5,0,2911
2015,35,8/31/2015,6.036551597,6.036551597,5.83833,6.19867,48753,2940,3,0,2943
2015,36,9/7/2015,6.048750512,6.048750512,5.86958,6.22957,48820,2950,3,0,2953
2015,37,9/14/2015,6.164998979,6.164998979,5.91505,6.27469,48970,3013,6,0,3019
2015,38,9/21/2015,6.20614124,6.20614124,5.97396,6.33325,49306,3052,8,0,3060
2015,39,9/28/2015,6.271477663,6.271477663,6.04535,6.4043,48888,3060,6,0,3066
2015,40,10/5/2015,6.30382026,6.30382026,6.1281,6.4867,51096,3207,14,0,3221
2015,41,10/12/2015,6.299212598,6.299212598,6.22089,6.57915,50038,3145,7,0,3152
2015,42,10/19/2015,6.368188513,6.368188513,6.32229,6.68021,50925,3227,16,0,3243
2015,43,10/26/2015,6.314997128,6.314997128,6.43073,6.7883,50483,3171,17,0,3188
2015,44,11/2/2015,6.594888229,6.594888229,6.54455,6.90177,51176,3355,20,0,3375
2015,45,11/9/2015,6.38817734,6.38817734,6.66201,7.01889,50750,3228,14,0,3242
2015,46,11/16/2015,6.506214777,6.506214777,6.78132,7.13785,51812,3358,13,0,3371
2015,47,11/23/2015,6.507807038,6.507807038,6.90067,7.25686,51492,3337,14,0,3351
2015,48,11/30/2015,6.689457814,6.689457814,7.01826,7.37411,52067,3461,22,0,3483
2015,49,12/7/2015,6.617428189,6.617428189,7.1323,7.48782,53752,3537,20,0,3557
2015,50,12/14/2015,6.711563481,6.711563481,7.24109,7.59626,52268,3482,26,0,3508
2015,51,12/21/2015,6.671302125,6.671302125,7.34296,7.69779,53213,3535,15,0,3550
2015,52,12/28/2015,7.519054226,7.519054226,7.43639,7.79089,52613,3925,31,0,3956
2016,1,1/4/2016,7.658020515,7.658020515,7.51996,7.87412,55863,4246,32,0,4278
2016,2,1/11/2016,7.759830198,7.759830198,7.5924,7.94622,55594,4284,30,0,4314
2016,3,1/18/2016,7.395067541,7.395067541,7.6526,8.00609,55226,4048,36,0,4084
2016,4,1/25/2016,7.484190859,7.484190859,7.69965,8.0528,55664,4116,50,0,4166
2016,5,2/1/2016,7.521128804,7.521128804,7.7328,8.08562,55138,4086,61,0,4147
2016,6,2/8/2016,7.363865849,7.363865849,7.75152,8.10401,55460,3991,93,0,4084
2016,7,2/15/2016,7.47730105,7.47730105,7.75551,8.10766,56170,4051,149,0,4200
2016,8,2/22/2016,8.005289759,8.005289759,7.74464,8.09646,55201,4232,187,0,4419
2016,9,2/29/2016,8.063795169,8.063795169,7.71902,8.07052,55929,4253,257,0,4510
2016,10,3/7/2016,8.150743402,8.150743402,7.67899,8.03016,56228,4288,295,0,4583
2016,11,3/14/2016,8.253485518,8.253485518,7.62506,7.97591,54583,4154,351,0,4505
2016,12,3/21/2016,8.189961869,8.189961869,7.55797,7.9085,54811,4194,295,0,4489
2016,13,3/28/2016,7.745356123,7.745356123,7.47864,7.82884,53942,3896,282,0,4178
2016,14,4/4/2016,7.758317767,7.758317767,7.38816,7.73805,54071,3945,250,0,4195
2016,15,4/11/2016,7.640109171,7.640109171,7.28779,7.63736,53494,3891,196,0,4087
2016,16,4/18/2016,7.208156202,7.208156202,7.17892,7.52818,53162,3684,148,0,3832
2016,17,4/25/2016,6.908770556,6.908770556,7.06308,7.41201,51080,3402,127,0,3529
2016,18,5/2/2016,6.813306813,6.813306813,6.94186,7.29049,51282,3403,91,0,3494
2016,19,5/9/2016,6.497402216,6.497402216,6.81697,7.16529,51005,3240,74,0,3314
2016,20,5/16/2016,6.586090747,6.586090747,6.69015,7.03815,50470,3290,34,0,3324
2016,21,5/23/2016,6.395199144,6.395199144,6.56315,6.91085,50491,3199,30,0,3229
2016,22,5/30/2016,6.119246862,6.119246862,6.43775,6.78515,49712,3025,17,0,3042
2016,23,6/6/2016,6.394615061,6.394615061,6.31568,6.66278,49917,3175,17,0,3192
2016,24,6/13/2016,5.886242061,5.886242061,6.19864,6.54544,49913,2920,18,0,2938
2016,25,6/20/2016,5.81988191,5.81988191,6.08824,6.43474,49623,2876,12,0,2888
2016,26,6/27/2016,5.87904247,5.87904247,5.98599,6.33219,49753,2915,10,0,2925
2016,27,7/4/2016,5.883063056,5.883063056,5.89329,6.2392,49702,2914,10,0,2924
2016,28,7/11/2016,5.906883978,5.906883978,5.8114,6.15702,49637,2926,6,0,2932
2016,29,7/18/2016,5.626915038,5.626915038,5.74141,6.08675,49281,2768,5,0,2773
2016,30,7/25/2016,5.652025192,5.652025192,5.68426,6.02931,49699,2804,5,0,2809
2016,31,8/1/2016,5.752373258,5.752373258,5.64068,5.98545,49510,2846,2,0,2848
2016,32,8/8/2016,5.687232374,5.687232374,5.61122,5.9557,49743,2827,2,0,2829
2016,33,8/15/2016,5.765678953,5.765678953,5.5962,5.94041,49812,2867,5,0,2872
2016,34,8/22/2016,5.721382987,5.721382987,5.59578,5.93971,49516,2827,6,0,2833
2016,35,8/29/2016,5.796107694,5.796107694,5.60985,5.95352,49585,2869,5,0,2874
2016,36,9/5/2016,5.762319304,5.762319304,5.63814,5.98154,50084,2881,5,0,2886
2016,37,9/12/2016,6.211441391,6.211441391,5.68015,6.02328,49924,3093,8,0,3101
2016,38,9/19/2016,6.065465333,6.065465333,5.73518,6.07805,49889,3017,9,0,3026
2016,39,9/26/2016,5.962399284,5.962399284,5.80237,6.14497,50265,2986,11,0,2997
2016,40,10/3/2016,5.920911867,5.920911867,5.88066,6.223,51411,3026,18,0,3044
2016,41,10/10/2016,6.146558503,6.146558503,5.96883,6.31091,52143,3194,11,0,3205
2016,42,10/17/2016,6.189273222,6.189273222,6.06554,6.40737,51460,3178,7,0,3185
2016,43,10/24/2016,6.066389082,6.066389082,6.16933,6.5109,51876,3130,17,0,3147
2016,44,10/31/2016,6.019278691,6.019278691,6.27861,6.61993,51767,3100,16,0,3116
2016,45,11/7/2016,6.141753264,6.141753264,6.39175,6.73282,52542,3208,19,0,3227
2016,46,11/14/2016,5.985335927,5.985335927,6.50703,6.84785,53464,3193,7,0,3200
2016,47,11/21/2016,6.169008257,6.169008257,6.62274,6.96332,53169,3258,22,0,3280
2016,48,11/28/2016,6.500998041,6.500998041,6.73715,7.07747,54607,3516,34,0,3550
2016,49,12/5/2016,6.617846979,6.617846979,6.84853,7.18861,55169,3618,33,0,3651
2016,50,12/12/2016,6.833273831,6.833273831,6.95523,7.29507,56020,3782,46,0,3828
2016,51,12/19/2016,6.750185009,6.750185009,7.05566,7.39526,56754,3739,92,0,3831
2016,52,12/26/2016,7.397450351,7.397450351,7.14831,7.48767,57655,4108,157,0,4265
2017,1,1/2/2017,8.110369292,8.110369292,7.23181,7.57093,59763,4558,289,0,4847
2017,2,1/9/2017,7.991144638,7.991144638,7.30489,7.64377,60980,4505,368,0,4873
2017,3,1/16/2017,8.422579394,8.422579394,7.36646,7.7051,59293,4621,373,0,4994
2017,4,1/23/2017,8.258824746,8.258824746,7.41559,7.75399,58047,4427,367,0,4794
2017,5,1/30/2017,8.219811062,8.219811062,7.45153,7.7897,58432,4452,351,0,4803
2017,6,2/6/2017,8.243842949,8.243842949,7.47373,7.81166,59038,4448,419,0,4867
2017,7,2/13/2017,8.488517246,8.488517246,7.48182,7.81951,58479,4419,545,0,4964
2017,8,2/20/2017,8.533488883,8.533488883,7.47566,7.81311,58288,4369,605,0,4974
2017,9,2/27/2017,8.372921615,8.372921615,7.45529,7.79251,57256,4260,534,0,4794
2017,10,3/6/2017,8.168484785,8.168484785,7.42098,7.75797,57477,4223,472,0,4695
2017,11,3/13/2017,7.900310647,7.900310647,7.37319,7.70994,56656,4100,376,0,4476
2017,12,3/20/2017,7.73073889,7.73073889,7.31258,7.64909,57045,4091,319,0,4410
2017,13,3/27/2017,7.575893578,7.575893578,7.23998,7.57625,55703,3887,333,0,4220
2017,14,4/3/2017,7.409488932,7.409488932,7.1564,7.49244,55159,3821,266,0,4087
2017,15,4/10/2017,7.261989391,7.261989391,7.06302,7.39883,54861,3776,208,0,3984
2017,16,4/17/2017,6.87959299,6.87959299,6.96115,7.29672,53070,3489,162,0,3651
2017,17,4/24/2017,6.657284924,6.657284924,6.85222,7.18755,53295,3458,90,0,3548
2017,18,5/1/2017,6.401807927,6.401807927,6.73776,7.07285,52657,3308,63,0,3371
2017,19,5/8/2017,6.282581514,6.282581514,6.61938,6.95423,51985,3216,50,0,3266
2017,20,5/15/2017,6.200457317,6.200457317,6.49874,6.83335,52480,3201,53,0,3254
2017,21,5/22/2017,6.111198305,6.111198305,6.37754,6.71191,50972,3091,24,0,3115
2017,22,5/29/2017,5.934914937,5.934914937,6.25748,6.59161,51256,3019,23,0,3042
2017,23,6/5/2017,6.114590221,6.114590221,6.14023,6.47412,51418,3127,17,0,3144
2017,24,6/12/2017,6.079099159,6.079099159,6.02744,6.36108,50797,3069,19,0,3088
2017,25,6/19/2017,5.854087313,5.854087313,5.92068,6.25407,51195,2982,15,0,2997
2017,26,6/26/2017,5.855740166,5.855740166,5.82142,6.15457,50617,2954,10,0,2964
2017,27,7/3/2017,5.577032516,5.577032516,5.73103,6.06393,50959,2824,18,0,2842
2017,28,7/10/2017,6.10529686,6.10529686,5.65075,5.9834,49973,3047,4,0,3051
2017,29,7/17/2017,5.515989387,5.515989387,5.58167,5.91407,50127,2755,10,0,2765
2017,30,7/24/2017,5.785827155,5.785827155,5.52472,5.85687,49362,2853,3,0,2856
2017,31,7/31/2017,5.388623795,5.388623795,5.48064,5.81253,50087,2695,4,0,2699
2017,32,8/7/2017,5.43225113,5.43225113,5.44999,5.78162,50237,2723,6,0,2729
2017,33,8/14/2017,5.380093654,5.380093654,5.43312,5.7645,50185,2689,11,0,2700
2017,34,8/21/2017,5.579901852,5.579901852,5.43022,5.76133,49517,2756,7,0,2763
2017,35,8/28/2017,5.356861819,5.356861819,5.44122,5.77207,50832,2716,7,0,2723
2017,36,9/4/2017,5.564818266,5.564818266,5.4659,5.79648,50981,2825,12,0,2837
2017,37,9/11/2017,5.85754633,5.85754633,5.5038,5.83412,51694,3021,7,0,3028
2017,38,9/18/2017,5.760296701,5.760296701,5.55431,5.88435,51230,2935,16,0,2951
2017,39,9/25/2017,5.661920807,5.661920807,5.61661,5.94638,51343,2888,19,0,2907
2017,40,10/2/2017,5.829975053,5.829975053,5.6897,6.0192,52110,3022,16,0,3038
2017,41,10/9/2017,5.853270774,5.853270774,5.77246,6.10169,51578,3001,18,0,3019
2017,42,10/16/2017,6.096346787,6.096346787,5.86361,6.19256,52228,3156,28,0,3184
2017,43,10/23/2017,6.283778641,6.283778641,5.96175,6.29042,52548,3279,23,0,3302
2017,44,10/30/2017,6.056372138,6.056372138,6.06537,6.39377,53679,3215,36,0,3251
2017,45,11/6/2017,6.055428293,6.055428293,6.17292,6.50103,53258,3180,45,0,3225
2017,46,11/13/2017,6.258020122,6.258020122,6.28275,6.61059,53771,3315,50,0,3365
2017,47,11/20/2017,6.005173688,6.005173688,6.39322,6.72077,54120,3202,48,0,3250
2017,48,11/27/2017,6.530314098,6.530314098,6.50265,6.82992,54760,3493,83,0,3576
2017,49,12/4/2017,6.558143718,6.558143718,6.6094,6.93639,55595,3528,118,0,3646
2017,50,12/11/2017,6.839811748,6.839811748,6.71186,7.03857,57370,3759,165,0,3924
2017,51,12/18/2017,7.303587934,7.303587934,6.8085,7.13492,59505,3987,359,0,4346
2017,52,12/25/2017,8.330332297,8.330332297,6.89785,7.22399,61090,4418,671,0,5089
2018,1,1/1/2018,9.55786736,9.55786736,6.97857,7.30443,66134,5156,1165,0,6321
2018,2,1/8/2018,10.54744796,10.54744796,7.04945,7.37502,67495,5583,1536,0,7119
2018,3,1/15/2018,10.8869845,10.8869845,7.10941,7.43469,64646,5412,1626,0,7038
2018,4,1/22/2018,10.56865244,10.56865244,7.15753,7.48253,62780,5187,1448,0,6635
2018,5,1/29/2018,10.22895004,10.22895004,7.19307,7.51779,60974,4877,1360,0,6237
2018,6,2/5/2018,9.707085583,9.707085583,7.21548,7.53992,61110,4689,1243,0,5932
2018,7,2/12/2018,9.665601633,9.665601633,7.22439,7.54855,59779,4599,1179,0,5778
2018,8,2/19/2018,9.201806447,9.201806447,7.21964,7.5435,57793,4426,892,0,5318
2018,9,2/26/2018,8.435052565,8.435052565,7.20123,7.52482,56692,4044,738,0,4782
2018,10,3/5/2018,8.000980856,8.000980856,7.16941,7.49272,57093,4061,507,0,4568
2018,11,3/12/2018,7.62880375,7.62880375,7.1246,7.44762,56326,3853,444,0,4297
2018,12,3/19/2018,7.420291934,7.420291934,7.06739,7.39013,55766,3793,345,0,4138
2018,13,3/26/2018,7.398302924,7.398302924,6.99857,7.32103,54918,3779,284,0,4063
2018,14,4/2/2018,7.230440916,7.230440916,6.9191,7.24128,55294,3698,300,0,3998
2018,15,4/9/2018,6.887810531,6.887810531,6.83008,7.15198,55228,3590,214,0,3804
2018,16,4/16/2018,6.630519264,6.630519264,6.73274,7.05437,54038,3430,153,0,3583
2018,17,4/23/2018,6.538611871,6.538611871,6.62845,6.94981,53727,3394,119,0,3513
2018,18,4/30/2018,6.148006178,6.148006178,6.51867,6.83975,53741,3198,106,0,3304
2018,19,5/7/2018,5.920736973,5.920736973,6.40493,6.72574,52105,3032,53,0,3085
2018,20,5/14/2018,5.922794263,5.922794263,6.28881,6.60935,50618,2955,43,0,2998
2018,21,5/21/2018,5.845392605,5.845392605,6.17194,6.49222,50929,2951,26,0,2977
2018,22,5/28/2018,5.74199236,5.74199236,6.05596,6.37596,51045,2905,26,0,2931
2018,23,6/4/2018,5.619122709,5.619122709,5.94246,6.2622,52001,2908,14,0,2922
2018,24,6/11/2018,5.738805535,5.738805535,5.83304,6.15252,51387,2935,14,0,2949
2018,25,6/18/2018,5.626518298,5.626518298,5.7292,6.04842,51044,2865,7,0,2872
2018,26,6/25/2018,5.65726084,5.65726084,5.63237,5.95134,50855,2868,9,0,2877
2018,27,7/2/2018,5.376905812,5.376905812,5.54389,5.8626,51684,2769,10,0,2779
2018,28,7/9/2018,5.442362915,5.442362915,5.46497,5.78343,51191,2781,5,0,2786
2018,29,7/16/2018,5.362682527,5.362682527,5.39667,5.71488,50609,2706,8,0,2714
2018,30,7/23/2018,5.394438477,5.394438477,5.33991,5.65786,50274,2700,12,0,2712
2018,31,7/30/2018,5.262950017,5.262950017,5.29542,5.61313,50637,2661,4,0,2665
2018,32,8/6/2018,5.264190555,5.264190555,5.26379,5.58126,50967,2673,10,0,2683
2018,33,8/13/2018,5.210631995,5.210631995,5.24539,5.56262,50301,2616,5,0,2621
2018,34,8/20/2018,5.396460493,5.396460493,5.24042,5.55741,50459,2713,10,0,2723
2018,35,8/27/2018,5.208353915,5.208353915,5.24887,5.56563,50611,2630,6,0,2636
2018,36,9/3/2018,5.477246069,5.477246069,5.27054,5.58707,50299,2749,6,0,2755
2018,37,9/10/2018,5.42059002,5.42059002,5.30505,5.62136,51083,2761,8,0,2769
2018,38,9/17/2018,5.486303627,5.486303627,5.35184,5.66792,51583,2819,11,0,2830
2018,39,9/24/2018,5.54955945,5.54955945,5.41015,5.72601,50959,2814,14,0,2828
2018,40,10/1/2018,5.689783601,5.689783601,5.47907,5.79471,52357,2969,10,0,2979
2018,41,10/8/2018,5.548805184,5.548805184,5.55755,5.87297,51849,2865,12,0,2877
2018,42,10/15/2018,5.675833821,5.675833821,5.64438,5.95959,52979,2989,18,0,3007
2018,43,10/22/2018,5.745587114,5.745587114,5.73826,6.05325,53763,3065,24,0,3089
2018,44,10/29/2018,5.645251501,5.645251501,5.83776,6.15254,53638,3003,25,0,3028
2018,45,11/5/2018,5.698175912,5.698175912,5.94139,6.25597,53561,3022,30,0,3052
2018,46,11/12/2018,5.79363048,5.79363048,6.0476,6.36198,54698,3143,26,0,3169
2018,47,11/19/2018,5.850821376,5.850821376,6.15481,6.46899,54847,3178,31,0,3209
2018,48,11/26/2018,6.038866691,6.038866691,6.26143,6.5754,55060,3287,38,0,3325
2018,49,12/3/2018,6.173280683,6.173280683,6.36585,6.67963,55967,3399,56,0,3455
2018,50,12/10/2018,6.389770692,6.389770692,6.46654,6.78013,56387,3552,51,0,3603
2018,51,12/17/2018,6.329606567,6.329606567,6.562,6.87539,56528,3490,88,0,3578
2018,52,12/24/2018,6.741512869,6.741512869,6.65081,6.96401,56026,3636,141,0,3777
2019,1,12/31/2018,7.08587115,7.08587115,6.73165,7.04466,58285,3919,211,0,4130
2019,2,1/7/2019,7.393316195,7.393316195,6.80331,7.11614,58350,4055,259,0,4314
2019,3,1/14/2019,7.463148129,7.463148129,6.86474,7.17738,58206,4098,246,0,4344
2019,4,1/21/2019,7.209977199,7.209977199,6.91502,7.22747,57892,3898,276,0,4174
2019,5,1/28/2019,7.25871648,7.25871648,6.95338,7.26566,58137,3893,327,0,4220
2019,6,2/4/2019,7.275306342,7.275306342,6.97926,7.29135,58513,3890,367,0,4257
2019,7,2/11/2019,7.551562392,7.551562392,6.99223,7.30415,57988,3896,483,0,4379
2019,8,2/18/2019,7.693501656,7.693501656,6.99211,7.30385,57984,3987,474,0,4461
2019,9,2/25/2019,7.374432769,7.374432769,6.97885,7.29042,57957,3758,516,0,4274
2019,10,3/4/2019,7.338242581,7.338242581,6.95264,7.26403,58529,3752,543,0,4295
2019,11,3/11/2019,7.753959892,7.753959892,6.91382,7.22503,57893,3978,511,0,4489
2019,12,3/18/2019,7.493386128,7.493386128,6.86293,7.17397,57077,3797,480,0,4277
2019,13,3/25/2019,7.364854133,7.364854133,6.80068,7.11155,56661,3714,459,0,4173
2019,14,4/1/2019,7.019156005,7.019156005,6.72795,7.03865,56588,3633,339,0,3972
2019,15,4/8/2019,6.764965661,6.764965661,6.64576,6.9563,55477,3450,303,0,3753
2019,16,4/15/2019,6.639979434,6.639979434,6.55528,6.86565,54458,3414,202,0,3616
2019,17,4/22/2019,6.39214078,6.39214078,6.45778,6.76799,53644,3273,156,0,3429
2019,18,4/29/2019,6.151451706,6.151451706,6.35466,6.66469,53971,3223,97,0,3320
2019,19,5/6/2019,6.167920081,6.167920081,6.24736,6.55723,53454,3229,68,0,3297
2019,20,5/13/2019,5.989208969,5.989208969,6.13741,6.44712,53563,3158,50,0,3208
2019,21,5/20/2019,5.922241473,5.922241473,6.02638,6.33592,53679,3149,30,0,3179
2019,22,5/27/2019,5.96862016,5.96862016,5.91582,6.2252,52709,3117,29,0,3146
2019,23,6/3/2019,5.771402756,5.771402756,5.80731,6.11653,53124,3045,21,0,3066
2019,24,6/10/2019,5.604848669,5.604848669,5.70237,6.01143,52633,2934,16,0,2950
2019,25,6/17/2019,5.672252831,5.672252831,5.60249,5.9114,52272,2952,13,0,2965
2019,26,6/24/2019,5.581956847,5.581956847,5.50908,5.81782,52186,2898,15,0,2913
2019,27,7/1/2019,5.49769735,5.49769735,5.42344,5.73202,52331,2864,13,0,2877
2019,28,7/8/2019,5.357246056,5.357246056,5.34677,5.65519,51911,2770,11,0,2781
2019,29,7/15/2019,5.197923929,5.197923929,5.28013,5.5884,51636,2679,5,0,2684
2019,30,7/22/2019,5.363539549,5.363539549,5.22446,5.53256,51645,2762,8,0,2770
2019,31,7/29/2019,5.336887367,5.336887367,5.18049,5.48844,51397,2737,6,0,2743
2019,32,8/5/2019,5.126817198,5.126817198,5.14884,5.45663,51728,2645,7,0,2652
2019,33,8/12/2019,5.117291699,5.117291699,5.1299,5.43754,50984,2601,8,0,2609
2019,34,8/19/2019,5.113825761,5.113825761,5.12391,5.43139,50999,2602,6,0,2608
2019,35,8/26/2019,5.144399038,5.144399038,5.1309,5.43822,51143,2618,13,0,2631
2019,36,9/2/2019,5.009168999,5.009168999,5.15073,5.45789,51805,2583,12,0,2595
2019,37,9/9/2019,4.904088355,4.904088355,5.18307,5.49007,51610,2515,16,0,2531
2019,38,9/16/2019,5.26275101,5.26275101,5.22739,5.53423,51741,2709,14,0,2723
2019,39,9/23/2019,5.301478953,5.301478953,5.28302,5.5897,52740,2780,16,0,2796
2019,40,9/30/2019,5.198340186,5.198340186,5.34909,5.65562,52536,2714,17,0,2731
2019,41,10/7/2019,5.272579946,5.272579946,5.42462,5.73099,53067,2782,16,0,2798
2019,42,10/14/2019,5.541849247,5.541849247,5.50847,5.81468,54314,2992,18,0,3010
2019,43,10/21/2019,5.598223374,5.598223374,5.59937,5.90542,54035,2995,30,0,3025
2019,44,10/28/2019,5.473041709,5.473041709,5.69598,6.00187,54065,2928,31,0,2959
2019,45,11/4/2019,5.590586545,5.590586545,5.79685,6.10258,55665,3081,31,0,3112
2019,46,11/11/2019,5.630549986,5.630549986,5.90048,6.20606,55856,3106,39,0,3145
2019,47,11/18/2019,5.455937606,5.455937606,6.00535,6.31078,56159,3014,50,0,3064
2019,48,11/25/2019,5.524881816,5.524881816,6.1099,6.41516,55422,2996,66,0,3062
2019,49,12/2/2019,5.991371028,5.991371028,6.21258,6.51768,57249,3329,101,0,3430
2019,50,12/9/2019,6.231886573,6.231886573,6.31187,6.61682,57623,3480,111,0,3591
2019,51,12/16/2019,6.13425321,6.13425321,6.40631,6.7111,57399,3392,129,0,3521
2019,52,12/23/2019,6.402819842,6.402819842,6.49449,6.79912,58443,3539,203,0,3742
2020,1,12/30/2019,7.553141867,7.553141867,6.57513,6.8796,60028,4102,432,0,4534
2020,2,1/6/2020,7.607116921,7.607116921,6.64702,6.95133,60588,4137,472,1,4609
2020,3,1/13/2020,7.636320651,7.636320651,6.70909,7.01325,59217,4057,465,2,4522
2020,4,1/20/2020,7.460182989,7.465266012,6.76044,7.06444,59020,3905,498,3,4406
2020,5,1/27/2020,7.308223029,7.308223029,6.80029,7.10413,58701,3810,480,0,4290
2020,6,2/3/2020,7.303512762,7.308567096,6.82803,7.13172,59355,3816,519,4,4338
2020,7,2/10/2020,7.494165148,7.500979574,6.84326,7.14679,58699,3839,560,6,4403
2020,8,2/17/2020,7.277398717,7.282503275,6.84573,7.1491,58771,3711,566,6,4280
2020,9,2/24/2020,7.587453339,7.594209753,6.83539,7.1386,59203,3837,655,9,4496
2020,10,3/2/2020,7.738794695,7.769011247,6.8159,7.11911,59570,3976,634,38,4628
2020,11,3/9/2020,7.849298926,7.898826704,6.78401,7.08722,58553,3971,625,60,4625
2020,12,3/16/2020,8.631717883,9.174901855,6.74019,7.0434,59096,4543,558,586,5422
2020,13,3/23/2020,10.51961891,13.2314348,6.68508,6.98829,62873,6169,445,3211,8319
2020,14,3/30/2020,14.39739414,21.465105,6.61949,6.9227,72145,9911,476,10113,15486
2020,15,4/6/2020,15.78420693,26.82593165,6.54438,6.84759,78946,11988,473,16306,21178
2020,16,4/13/2020,15.21311133,27.8289894,6.46086,6.76407,76697,11405,263,17201,21344
2020,17,4/20/2020,14.24892239,26.1948654,6.37013,6.67334,73774,10369,143,15525,19325
2020,18,4/27/2020,13.00212486,24.0774201,6.27354,6.57675,69181,8929,66,13199,16657
2020,19,5/4/2020,11.80200573,21.54132126,6.17249,6.4757,66709,7825,48,11223,14370
2020,20,5/11/2020,10.56072299,18.98631966,6.06845,6.37166,64399,6779,22,9229,12227
2020,21,5/18/2020,9.619635891,16.51657997,5.96294,6.26615,61520,5894,24,7228,10161
2020,22,5/25/2020,8.856447689,15.02810639,5.8575,6.16071,59595,5266,12,6160,8956
2020,23,6/1/2020,8.342969866,13.26270322,5.75368,6.05689,58804,4895,11,5046,7799
2020,24,6/8/2020,7.855662983,11.93024862,5.65297,5.95618,57920,4539,11,4227,6910
2020,25,6/15/2020,7.548701299,11.41717325,5.55687,5.86008,57904,4363,8,3844,6611
2020,26,6/22/2020,7.334908892,11.2190026,5.46676,5.76997,58392,4271,12,3835,6551
2020,27,6/29/2020,7.642960035,11.88737396,5.38396,5.68717,59702,4559,4,4540,7097
2020,28,7/6/2020,8.972491909,13.91585761,5.30969,5.6129,61800,5535,10,5770,8600
2020,29,7/13/2020,9.833645513,15.73859488,5.24504,5.54824,62998,6182,13,7166,9915
2020,30,7/20/2020,10.56735598,17.20938212,5.19094,5.49415,64122,6765,11,8229,11035
2020,31,7/27/2020,10.68760624,17.24552019,5.14819,5.4514,64121,6840,13,8285,11058
2020,32,8/3/2020,10.71945388,16.81294828,5.11744,5.42064,63576,6805,10,7848,10689
2020,33,8/10/2020,10.25491647,15.87756452,5.09912,5.40233,63511,6508,5,7248,10084
2020,34,8/17/2020,9.577194106,14.63164638,5.09352,5.39673,62440,5968,12,6375,9136
2020,35,8/24/2020,9.106264349,13.78156773,5.10073,5.40394,60980,5541,12,5739,8404
2020,36,8/31/2020,8.670126069,12.83804012,5.12067,5.42388,60126,5204,9,5010,7719
2020,37,9/7/2020,8.310942433,12.21199704,5.15304,5.45625,59548,4942,7,4618,7272
2020,38,9/14/2020,8.009993628,11.74083638,5.19739,5.5006,59638,4772,5,4273,7002
2020,39,9/21/2020,8.15952137,11.76246984,5.2531,5.55631,60506,4933,4,4296,7117
2020,40,9/28/2020,8.100549303,11.78657556,5.31937,5.62257,59712,4829,8,4240,7038
2020,41,10/5/2020,8.428460241,12.39460371,5.39524,5.69845,61672,5186,12,4813,7644
2020,42,10/12/2020,8.650238815,13.16211347,5.47963,5.78284,60507,5218,16,5195,7964
2020,43,10/19/2020,9.116969707,14.33011773,5.57134,5.87455,62093,5646,15,5990,8898
2020,44,10/26/2020,9.73676315,15.674199,5.66903,5.97224,63327,6145,21,7019,9926
2020,45,11/2/2020,10.53903043,17.44549672,5.77132,6.07453,67473,7090,21,8754,11771
2020,46,11/9/2020,11.75631829,19.90571666,5.87673,6.17994,68729,8060,20,10644,13681
2020,47,11/16/2020,13.20818015,23.00842897,5.98374,6.28695,71539,9419,30,13343,16460
2020,48,11/23/2020,14.33685879,25.40242136,6.09082,6.39403,73182,10465,27,15615,18590
2020,49,11/30/2020,15.66612747,28.14105468,6.19643,6.49964,77275,12071,35,18545,21746
2020,50,12/7/2020,16.24460977,29.5293241,6.29904,6.60225,81861,13269,29,20913,24173
2020,51,12/14/2020,17.30072464,30.93115942,6.39719,6.7004,82800,14293,32,22313,25611
2020,52,12/21/2020,17.72178951,31.69286664,6.48947,6.79268,84224,14894,32,23363,26693
2020,53,12/28/2020,18.5129752,32.54507357,6.57454,6.87775,86858,16037,43,24842,28268
2021,1,1/4/2021,19.37206519,33.79292883,6.65119,6.9544,86888,16800,32,25973,29362
2021,2,1/11/2021,19.39540536,33.32148753,6.71832,7.02153,87232,16883,36,25687,29067
2021,3,1/18/2021,18.92289829,32.21968183,6.77497,7.07818,83539,15777,31,23683,26916
2021,4,1/25/2021,17.54057507,29.57078342,6.82033,7.12354,79051,13832,34,20321,23376
2021,5,2/1/2021,16.09037328,26.36018337,6.85375,7.15696,76350,12257,28,17032,20126
2021,6,2/8/2021,14.324737,23.07563002,6.87477,7.17797,71387,10202,24,13518,16473
2021,7,2/15/2021,12.88109207,20.00634253,6.88308,7.18629,69373,8921,15,10806,13879
2021,8,2/22/2021,11.31509029,17.38693166,6.87858,7.18179,66619,7520,18,8653,11583
2021,9,3/1/2021,10.38881374,15.24269401,6.86135,7.16456,63578,6579,26,6731,9691
2021,10,3/8/2021,9.363411119,13.73257113,6.83165,7.13486,61751,5769,13,5724,8480
2021,11,3/15/2021,8.817329239,12.72138767,6.78991,7.09312,60245,5306,6,4892,7664
2021,12,3/22/2021,8.408551851,11.93174331,6.73676,7.03997,60712,5088,17,4460,7244
2021,13,3/29/2021,8.151069679,11.68706995,6.67298,6.97619,58569,4757,17,4197,6845
2021,14,4/5/2021,8.158136785,11.57282702,6.59949,6.9027,60884,4955,12,4313,7046
2021,15,4/12/2021,8.40223653,11.94340901,6.51739,6.8206,59020,4952,7,4449,7049
2021,16,4/19/2021,8.540741849,12.11199229,6.42786,6.73107,60147,5122,15,4599,7285
2021,17,4/26/2021,8.174172363,11.42943305,6.33221,6.63542,59688,4873,6,4164,6822
2021,18,5/3/2021,8.115129903,11.26337239,6.23185,6.53506,58890,4770,9,4006,6633
2021,19,5/10/2021,7.781053931,10.62844996,6.12823,6.43144,58334,4529,10,3678,6200
2021,20,5/17/2021,7.435831841,9.92069583,6.02287,6.32608,58635,4351,9,3237,5817
2021,21,5/24/2021,7.029502237,9.177502796,5.91731,6.22052,57216,4017,5,2770,5251
2021,22,5/31/2021,6.784300734,8.562760449,5.81308,6.11629,57353,3883,8,2347,4911
2021,23,6/7/2021,6.585849371,8.199856143,5.71171,6.01492,57001,3748,6,2034,4674
2021,24,6/14/2021,6.48268133,7.887087171,5.61468,5.91789,57106,3691,11,1776,4504
2021,25,6/21/2021,6.134061482,7.501101031,5.5234,5.82661,56765,3474,8,1632,4258
2021,26,6/28/2021,5.907356758,7.14771005,5.43921,5.74242,57403,3384,7,1542,4103
2021,27,7/5/2021,6.234772397,7.545880002,5.36333,5.66654,57051,3554,3,1645,4305
2021,28,7/12/2021,6.73139272,8.319167207,5.29688,5.60009,57061,3833,8,1990,4747
2021,29,7/19/2021,7.266430053,9.341083278,5.24083,5.54404,58323,4229,9,2760,5448
2021,30,7/26/2021,8.480941145,11.42201987,5.19601,5.49922,60182,5094,10,4105,6874
2021,31,8/2/2021,10.28898462,14.58759159,5.16307,5.46628,63602,6533,11,6481,9278
2021,32,8/9/2021,12.71232057,18.3687201,5.14251,5.44572,66880,8491,11,9405,12285
2021,33,8/16/2021,14.57527575,21.64159863,5.13463,5.43784,69810,10164,11,12179,15108
2021,34,8/23/2021,15.99861063,23.79715179,5.13956,5.44276,71975,11499,16,14170,17128
2021,35,8/30/2021,16.83526012,25.01090632,5.15723,5.46044,73352,12317,32,15490,18346
2021,36,9/6/2021,16.77337792,24.9581991,5.18741,5.49062,73563,12324,15,15413,18360
2021,37,9/13/2021,16.66438806,24.96445368,5.22966,5.53287,73144,12172,17,15208,18260
2021,38,9/20/2021,16.00633034,24.07890718,5.2834,5.58661,72034,11512,18,14347,17345
2021,39,9/27/2021,15.03434134,22.21301459,5.34784,5.65105,71197,10685,19,12828,15815
2021,40,10/4/2021,14.15563514,20.55561194,5.42208,5.72528,68969,9743,20,11177,14177
2021,41,10/11/2021,13.14704399,19.08279197,5.50503,5.80824,67422,8853,11,9878,12866
2021,42,10/18/2021,12.35748547,17.78013538,5.59553,5.89873,66923,8255,15,8941,11899
2021,43,10/25/2021,11.76550414,16.6357564,5.69225,5.99546,66321,7789,14,7959,11033
2021,44,11/1/2021,10.99213451,15.61367362,5.79383,6.09704,66493,7302,7,7287,10382
2021,45,11/8/2021,10.74075725,15.26224322,5.89879,6.202,67323,7205,26,7159,10275
2021,46,11/15/2021,10.98605041,15.71424295,6.00563,6.30884,66812,7324,16,7309,10499
2021,47,11/22/2021,11.21940431,16.36832793,6.11281,6.41602,67820,7590,19,7886,11101
2021,48,11/29/2021,11.9407035,17.35764985,6.21879,6.522,70021,8324,37,8781,12154
2021,49,12/6/2021,12.56233938,18.35382371,6.32205,6.62526,71985,8987,56,9734,13212
2021,50,12/13/2021,13.15190514,19.17921771,6.4211,6.72431,71176,9303,58,10249,13651
2021,51,12/20/2021,13.17584429,19.43658848,6.51452,6.81773,72132,9418,86,10455,14020
2021,52,12/27/2021,13.7378255,20.75087899,6.60097,6.90418,74233,10046,152,11671,15404
2022,1,1/3/2022,15.05646488,23.90116447,6.67921,6.98242,79607,11798,188,15113,19027
2022,2,1/10/2022,16.09892894,26.84725872,6.74812,7.05133,84869,13521,142,19068,22785
2022,3,1/17/2022,17.02538761,29.17583962,6.8067,7.10991,85396,14390,149,21315,24915
2022,4,1/24/2022,16.8892084,28.75796967,6.85413,7.15734,84853,14238,93,20941,24402
2022,5,1/31/2022,16.41354275,27.33367906,6.88973,7.19294,80988,13205,88,18729,22137
2022,6,2/7/2022,14.50253609,23.95370009,6.91298,7.21619,76890,11066,85,15288,18418
2022,7,2/14/2022,12.99425434,20.69429113,6.92358,7.22679,70662,9115,67,11538,14623
2022,8,2/21/2022,11.15818566,17.26420968,6.92137,7.22458,65853,7283,65,8277,11369
2022,9,2/28/2022,9.589744388,14.17303234,6.9064,7.20961,64277,6102,62,6033,9110
2022,10,3/7/2022,7.91623444,11.7219917,6.8789,7.18211,61696,4819,65,4392,7232
2022,11,3/14/2022,7.388094292,10.14600715,6.83927,7.14248,60408,4399,64,3119,6129
2022,12,3/21/2022,6.881558451,9.288392078,6.78811,7.09132,58417,3936,84,2502,5426
2022,13,3/28/2022,6.357792141,8.352054747,6.72616,7.02937,57866,3604,75,1906,4833
2022,14,4/4/2022,5.94004409,7.667204777,6.65433,6.95754,57609,3327,95,1549,4417
2022,15,4/11/2022,6.06265612,7.62038579,6.57368,6.87689,57648,3401,94,1406,4393
2022,16,4/18/2022,6.02462854,7.545803078,6.48538,6.78859,56601,3305,105,1346,4271
2022,17,4/25/2022,5.954918749,7.571203914,6.39073,6.69394,57230,3313,95,1425,4333
2022,18,5/2/2022,5.805530403,7.466740963,6.2911,6.59431,57428,3252,82,1433,4288
2022,19,5/9/2022,6.013698156,7.945622471,6.18796,6.49117,57818,3379,98,1668,4594
2022,20,5/16/2022,6.252605976,8.335649757,6.0828,6.38601,57560,3511,88,1742,4798
2022,21,5/23/2022,6.049921942,8.237295866,5.97716,6.28037,57009,3366,83,1938,4696
2022,22,5/30/2022,6.275546588,8.58191432,5.87258,6.17579,57493,3525,83,2001,4934
2022,23,6/6/2022,6.192308356,8.581928605,5.77059,6.0738,57959,3518,71,2132,4974
2022,24,6/13/2022,6.305931322,8.766909469,5.67268,5.97589,57660,3561,75,2190,5055
2022,25,6/20/2022,6.082474227,8.670103093,5.58027,5.88348,58200,3505,35,2321,5046
2022,26,6/27/2022,6.065833966,8.758884825,5.49472,5.79793,57964,3476,40,2416,5077
2022,27,7/4/2022,6.239451659,9.093100954,5.41727,5.72048,58066,3588,35,2583,5280
2022,28,7/11/2022,6.181556443,9.519973951,5.34906,5.65227,58351,3589,18,2922,5555
2022,29,7/18/2022,6.410643075,9.997989344,5.29109,5.5943,59682,3802,24,3216,5967
2022,30,7/25/2022,6.533742331,10.30163599,5.24421,5.54742,58680,3811,23,3389,6045
2022,31,8/1/2022,6.458379146,10.2018032,5.20911,5.51232,59117,3802,16,3360,6031
2022,32,8/8/2022,6.588504726,10.17073713,5.18631,5.48952,58511,3840,15,3278,5951
2022,33,8/15/2022,6.4208704,9.898699028,5.17615,5.47935,58341,3727,19,3156,5775
2022,34,8/22/2022,6.362542955,9.733676976,5.17878,5.48199,58200,3689,14,3037,5665
2022,35,8/29/2022,6.169390993,9.431684944,5.19419,5.4974,57996,3566,12,2915,5470
2022,36,9/5/2022,6.175451769,9.347644319,5.22216,5.52537,58603,3601,18,2795,5478
2022,37,9/12/2022,6.197323609,9.035398535,5.2623,5.56551,58138,3586,17,2500,5253
2022,38,9/19/2022,6.135460884,9.004585827,5.31404,5.61725,58659,3579,20,2540,5282
2022,39,9/26/2022,6.137184116,8.753229422,5.37663,5.67984,58447,3563,24,2366,5116
2022,40,10/3/2022,5.984731284,8.429743728,5.44919,5.7524,59468,3531,28,2183,5013
2022,41,10/10/2022,6.047595888,8.499505258,5.53067,5.83388,59627,3550,56,2142,5068
2022,42,10/17/2022,6.449568973,8.852316876,5.61991,5.92312,59973,3813,55,2182,5309
2022,43,10/24/2022,6.244158099,8.696087595,5.71563,6.01884,59912,3648,93,2230,5210
2022,44,10/31/2022,6.43757084,8.834206679,5.81644,6.11965,60877,3763,156,2235,5378
2022,45,11/7/2022,6.659871439,9.073273382,5.92091,6.22412,60827,3829,222,2178,5519
2022,46,11/14/2022,6.809272062,9.226514843,6.02752,6.33073,61475,3930,256,2239,5672
2022,47,11/21/2022,7.29881666,9.785073144,6.13475,6.43796,64394,4280,420,2478,6301
2022,48,11/28/2022,8.332189012,10.81002731,6.24106,6.54427,65541,4619,842,2565,7085
2022,49,12/5/2022,8.928705188,11.73914998,6.34492,6.64813,66751,4945,1015,3002,7836
2022,50,12/12/2022,8.984753146,11.97210794,6.44483,6.74804,66112,4902,1038,3150,7915
2022,51,12/19/2022,8.692050531,11.70675424,6.53936,6.84257,67602,4938,938,3273,7914
2022,52,12/26/2022,9.1042079,12.37415025,6.62715,6.93036,69726,5374,974,3622,8628
2023,1,1/2/2023,9.214024836,12.68517166,6.70694,7.01015,68450,5434,873,3855,8683
2023,2,1/9/2023,8.710663604,12.10397433,6.77759,7.0808,65747,5112,615,3674,7958
2023,3,1/16/2023,8.363109761,11.3822034,6.83808,7.14129,63529,4929,384,3217,7231
2023,4,1/23/2023,7.722226724,10.64419415,6.88756,7.19077,61705,4498,267,2886,6568
2023,5,1/30/2023,7.287436292,9.970067147,6.92531,7.22852,61805,4364,140,2619,6162
2023,6,2/6/2023,7.055914186,9.366669878,6.9508,7.25401,62274,4285,109,2339,5833
2023,7,2/13/2023,6.756913492,8.912564413,6.96367,7.26688,60353,3964,114,2065,5379
2023,8,2/20/2023,6.728430033,8.897923818,6.96375,7.26696,60014,3966,72,2102,5340
2023,9,2/27/2023,6.638584956,8.691631993,6.95105,7.25426,58401,3821,56,1911,5076
2023,10,3/6/2023,6.527750522,8.511587248,6.92576,7.22897,56053,3607,52,1741,4771
2023,11,3/13/2023,6.319228316,8.254238271,6.88826,7.19147,51731,3222,47,1512,4270
2023,12,3/20/2023,6.314087871,8.118802326,6.83911,7.14232,41447,2581,36,1164,3365
2023,13,3/27/2023,6.133971724,7.904602737,6.77902,7.08223,22139,1339,19,572,1750